module,question,section,correct_answer,type
RW1,1,Reading and Writing,B,multiple_choice
RW1,2,Reading and Writing,C,multiple_choice
RW1,3,Reading and Writing,D,multiple_choice
RW1,4,Reading and Writing,A,multiple_choice
RW1,5,Reading and Writing,B,multiple_choice
RW1,6,Reading and Writing,C,multiple_choice
RW1,7,Reading and Writing,D,multiple_choice
RW1,8,Reading and Writing,A,multiple_choice
RW1,9,Reading and Writing,B,multiple_choice
RW1,10,Reading and Writing,C,multiple_choice
RW1,11,Reading and Writing,D,multiple_choice
RW1,12,Reading and Writing,A,multiple_choice
RW1,13,Reading and Writing,B,multiple_choice
RW1,14,Reading and Writing,C,multiple_choice
RW1,15,Reading and Writing,D,multiple_choice
RW1,16,Reading and Writing,A,multiple_choice
RW1,17,Reading and Writing,B,multiple_choice
RW1,18,Reading and Writing,C,multiple_choice
RW1,19,Reading and Writing,D,multiple_choice
RW1,20,Reading and Writing,A,multiple_choice
RW1,21,Reading and Writing,B,multiple_choice
RW1,22,Reading and Writing,C,multiple_choice
RW1,23,Reading and Writing,D,multiple_choice
RW1,24,Reading and Writing,A,multiple_choice
RW1,25,Reading and Writing,B,multiple_choice
RW1,26,Reading and Writing,C,multiple_choice
RW1,27,Reading and Writing,D,multiple_choice
RW2,1,Reading and Writing,C,multiple_choice
RW2,2,Reading and Writing,D,multiple_choice
RW2,3,Reading and Writing,A,multiple_choice
RW2,4,Reading and Writing,B,multiple_choice
RW2,5,Reading and Writing,C,multiple_choice
RW2,6,Reading and Writing,D,multiple_choice
RW2,7,Reading and Writing,A,multiple_choice
RW2,8,Reading and Writing,B,multiple_choice
RW2,9,Reading and Writing,C,multiple_choice
RW2,10,Reading and Writing,D,multiple_choice
RW2,11,Reading and Writing,A,multiple_choice
RW2,12,Reading and Writing,B,multiple_choice
RW2,13,Reading and Writing,C,multiple_choice
RW2,14,Reading and Writing,D,multiple_choice
RW2,15,Reading and Writing,A,multiple_choice
RW2,16,Reading and Writing,B,multiple_choice
RW2,17,Reading and Writing,C,multiple_choice
RW2,18,Reading and Writing,D,multiple_choice
RW2,19,Reading and Writing,A,multiple_choice
RW2,20,Reading and Writing,B,multiple_choice
RW2,21,Reading and Writing,C,multiple_choice
RW2,22,Reading and Writing,D,multiple_choice
RW2,23,Reading and Writing,A,multiple_choice
RW2,24,Reading and Writing,B,multiple_choice
RW2,25,Reading and Writing,C,multiple_choice
RW2,26,Reading and Writing,D,multiple_choice
RW2,27,Reading and Writing,A,multiple_choice
M1,1,Math,D,multiple_choice
M1,2,Math,A,multiple_choice
M1,3,Math,B,multiple_choice
M1,4,Math,C,multiple_choice
M1,5,Math,D,multiple_choice
M1,6,Math,A,multiple_choice
M1,7,Math,B,multiple_choice
M1,8,Math,C,multiple_choice
M1,9,Math,D,multiple_choice
M1,10,Math,A,multiple_choice
M1,11,Math,B,multiple_choice
M1,12,Math,C,multiple_choice
M1,13,Math,D,multiple_choice
M1,14,Math,A,multiple_choice
M1,15,Math,B,multiple_choice
M1,16,Math,C,multiple_choice
M1,17,Math,D,multiple_choice
M1,18,Math,A,multiple_choice
M1,19,Math,B,multiple_choice
M1,20,Math,C,multiple_choice
M1,21,Math,D,multiple_choice
M1,22,Math,A,multiple_choice
M2,1,Math,A,multiple_choice
M2,2,Math,B,multiple_choice
M2,3,Math,C,multiple_choice
M2,4,Math,D,multiple_choice
M2,5,Math,A,multiple_choice
M2,6,Math,B,multiple_choice
M2,7,Math,C,multiple_choice
M2,8,Math,D,multiple_choice
M2,9,Math,A,multiple_choice
M2,10,Math,B,multiple_choice
M2,11,Math,C,multiple_choice
M2,12,Math,D,multiple_choice
M2,13,Math,A,multiple_choice
M2,14,Math,B,multiple_choice
M2,15,Math,C,multiple_choice
M2,16,Math,D,multiple_choice
M2,17,Math,A,multiple_choice
M2,18,Math,B,multiple_choice
M2,19,Math,C,multiple_choice
M2,20,Math,D,multiple_choice
M2,21,Math,A,multiple_choice
M2,22,Math,B,multiple_choice